UG,PG
B.Sc Physics,M.Sc Physics
B.Tech Electrical,M.Tech Electrical
B.Sc Chemistry,M.Sc Chemistry
B.Architecture,M.Architecture
B.Tech Computer Science,M.Tech Computer Science
B.Com Economics,M.Com Economics
B.Sc Botany,M.Sc Botany
MBBS,MD Internal Medicine
B.Tech Mechanical,M.Tech Mechanical
B.Sc Zoology,M.Sc Zoology
BCA,MCA
B.Sc Computer Science,MCA
B.Tech Civil,M.Tech Civil
B.Sc Mathematics,M.Sc Mathematics
B.Tech Aerospace,M.Tech Aerospace
B.Com Accounting,M.Com Accounting
B.Sc Microbiology,M.Sc Microbiology
B.Tech Chemical,M.Tech Chemical
B.Sc Geology,M.Sc Geology
BDS,MDS Oral Surgery
B.Tech Electronics,M.Tech Electronics
B.Sc Nursing,M.Sc Nursing
B.A English Literature,M.A English Literature
B.Tech Biotechnology,M.Tech Biotechnology
B.Com Finance,M.Com Finance
B.Pharm,M.Pharm Pharmaceutical Chemistry
B.Tech Industrial,M.Tech Industrial
B.A Psychology,M.A Psychology
B.Sc Environmental Science,M.Sc Environmental Science
B.Tech Information Technology,M.Tech Information Technology
B.Com Marketing,M.Com Marketing
B.Sc Genetics,M.Sc Genetics
MBBS,MS Orthopedics
B.Tech Civil,M.Tech Structural
B.Sc Computer Science,M.Sc Computer Science
B.A History,M.A History
B.Tech Mechanical,M.Tech Thermal
B.Com Human Resources,M.Com Human Resources
B.Sc Biochemistry,M.Sc Biochemistry
B.Tech Electrical,M.Tech Power Systems
B.A Sociology,M.A Sociology
B.Tech Computer Science,M.Tech Artificial Intelligence
B.Com International Business,M.Com International Business
B.Sc Marine Biology,M.Sc Marine Biology
B.Tech Aerospace,M.Tech Avionics
B.A Political Science,M.A Political Science
B.Tech Electronics,M.Tech VLSI Design
B.Sc Forensic Science,M.Sc Forensic Science
B.Tech Chemical,M.Tech Process Engineering
B.Com Entrepreneurship,M.Com Entrepreneurship
B.Physiotherapy,M.Physiotherapy Orthopedics
B.Tech Industrial,M.Tech Manufacturing
B.A Economics,M.A Economics
B.Sc Biotechnology,M.Sc Biotechnology
BDS,MDS Prosthodontics
B.Tech Environmental,M.Tech Environmental Engineering
B.Com Supply Chain Management,M.Com Supply Chain Management
B.Sc Astrophysics,M.Sc Astrophysics
B.Tech Information Technology,M.Tech Data Science
B.A Geography,M.A Geography
B.Sc Neuroscience,M.Sc Neuroscience
B.Tech Civil,M.Tech Environmental
B.Com Corporate Finance,M.Com Corporate Finance
B.Tech Robotics,M.Tech Robotics
B.Sc Chemistry,M.Sc Analytical Chemistry
B.Tech Mechanical,M.Tech Robotics
B.A Anthropology,M.A Anthropology
B.Tech Computer Science,M.Tech Cybersecurity
B.Com Business Analytics,M.Com Business Analytics
B.Sc Cell Biology,M.Sc Cell Biology
B.Tech Electrical,M.Tech Control Systems
B.A Linguistics,M.A Linguistics
B.Sc Astronomy,M.Sc Astronomy
B.Tech Aerospace,M.Tech Space Technology
B.Com Digital Marketing,M.Com Digital Marketing
B.Sc Marine Science,M.Sc Marine Science
B.Tech Electronics,M.Tech Embedded Systems
B.A Philosophy,M.A Philosophy
B.Tech Biomedical,M.Tech Biomedical Engineering
B.Sc Entomology,M.Sc Entomology
B.Tech Chemical,M.Tech Chemical Process Modeling
B.Com Business Law,M.Com Business Law
B.Sc Immunology,M.Sc Immunology
MBBS,MD Pediatrics
B.Tech Industrial,M.Tech Industrial Automation
B.A Fine Arts,M.A Fine Arts
B.Tech Computer Science,M.Tech Software Engineering
B.Com Operations Management,M.Com Operations Management
B.Sc Molecular Biology,M.Sc Molecular Biology
B.Tech Civil,M.Tech Geotechnical
B.A Archaeology,M.A Archaeology
B.Tech Mechanical,M.Tech Materials Science
B.Com Risk Management,M.Com Risk Management
B.Pharmacy,M.Pharmacy Pharmacology
B.Tech Environmental,M.Tech Water Resources
B.A Music,M.A Music
B.Tech Information Technology,M.Tech Cloud Computing
B.Com Project Management,M.Com Project Management
B.Sc Virology,M.Sc Virology
B.Tech Robotics,M.Tech Artificial Intelligence in Robotics
B.A Drama,M.A Drama
B.Sc Oceanography,M.Sc Oceanography
B.Tech Civil,M.Tech Transportation
B.Com International Finance,M.Com International Finance
B.Sc Evolutionary Biology,M.Sc Evolutionary Biology
B.Tech Electronics,M.Tech Signal Processing
B.A Dance,M.A Dance
B.Tech Biotechnology,M.Tech Genetic Engineering
B.Com Sustainability,M.Com Sustainability
B.Sc Marine Biology,M.Sc Marine Ecology
B.Tech Aerospace,M.Tech Aerodynamics
B.A Religion Studies,M.A Religion Studies
B.Sc Astrobiology,M.Sc Astrobiology
B.Tech Computer Science,M.Tech Machine Learning
B.Com Corporate Social Responsibility,M.Com Corporate Social Responsibility
B.Sc Genetics,M.Sc Genomics
BDS,MDS Periodontics
B.Tech Industrial,M.Tech Supply Chain Engineering
B.A Gender Studies,M.A Gender Studies
B.Sc Bioinformatics,M.Sc Bioinformatics
B.Tech Electrical,M.Tech Renewable Energy
B.Com Marketing Research,M.Com Marketing Research
B.Sc Wildlife Biology,M.Sc Wildlife Conservation
B.Tech Mechanical,M.Tech Fluid Dynamics
B.A Environmental Studies,M.A Environmental Studies
B.Tech Civil,M.Tech Structural Dynamics
B.Sc Marine Science,M.Sc Oceanography
B.Tech Information Technology,M.Tech Internet of Things
B.Com Financial Planning,M.Com Financial Planning
B.Sc Ecology,M.Sc Conservation Biology
B.Physical Therapy,M.Physical Therapy Orthopedics
B.Tech Aerospace,M.Tech Satellite Communication
B.A Cultural Studies,M.A Cultural Studies
B.Sc Paleontology,M.Sc Paleontology
B.Tech Computer Science,M.Tech Natural Language Processing
B.Com Corporate Governance,M.Com Corporate Governance
B.Sc Entomology,M.Sc Pest Management
B.Tech Biomedical,M.Tech Medical Devices
B.A Linguistics,M.A Applied Linguistics
B.Sc Biophysics,M.Sc Biophysics
B.Tech Chemical,M.Tech Polymer Engineering
B.Com Entrepreneurial Finance,M.Com Entrepreneurial Finance
B.Sc Microbiology,M.Sc Virology
B.Tech Industrial,M.Tech Operations Research
B.A International Relations,M.A International Relations
B.Sc Cell Biology,M.Sc Developmental Biology
B.Tech Environmental,M.Tech Environmental Management
B.Com Strategic Management,M.Com Strategic Management
B.Sc Parasitology,M.Sc Parasitology
BDS,MDS Oral Medicine
B.Tech Robotics,M.Tech Human-Robot Interaction
B.A Linguistics,M.A Computational Linguistics
B.Sc Biochemistry,M.Sc Structural Biology
B.Tech Civil,M.Tech Geoenvironmental
B.Com Marketing Communications,M.Com Marketing Communications
B.Sc Marine Biology,M.Sc Marine Genetics
B.Tech Electronics,M.Tech Telecommunications
B.A Archaeology,M.A Historical Archaeology
B.Sc Genetics,M.Sc Molecular Genetics
B.Tech Computer Science,M.Tech Information Security
B.Com Corporate Finance,M.Com Financial Analysis
B.Sc Microbiology,M.Sc Immunology
B.Tech Industrial,M.Tech Quality Engineering
B.A Political Science,M.A International Politics
B.Sc Biotechnology,M.Sc Stem Cell Biology
B.Tech Mechanical,M.Tech Mechatronics
B.Com Business Development,M.Com Business Development
B.Sc Zoology,M.Sc Entomology
B.Tech Chemical,M.Tech Corrosion Engineering
B.Pharmacy,M.Pharmacy Pharmaceutical Analysis
B.Tech Aerospace,M.Tech Rocket Propulsion
B.A Psychology,M.A Clinical Psychology
B.Sc Neuroscience,M.Sc Neurophysiology
B.Tech Electronics,M.Tech Integrated Circuits
B.Com Supply Chain Logistics,M.Com Supply Chain Logistics
B.Sc Marine Science,M.Sc Marine Conservation
B.Tech Environmental,M.Tech Pollution Control
B.A Music,M.A Musicology
B.Sc Environmental Science,M.Sc Environmental Management
B.Tech Information Technology,M.Tech Network Security
B.Com Financial Management,M.Com Financial Management
B.Sc Geology,M.Sc Petroleum Geology
B.Tech Industrial,M.Tech Reliability Engineering
B.A Sociology,M.A Criminology
B.Sc Genetics,M.Sc Population Genetics
B.Tech Computer Science,M.Tech Computer Vision
B.Com Retail Management,M.Com Retail Management
B.Sc Microbiology,M.Sc Medical Microbiology
B.Tech Civil,M.Tech Seismic Engineering
B.A Anthropology,M.A Social Anthropology
B.Sc Marine Biology,M.Sc Marine Pollution
B.Tech Electronics,M.Tech RF Engineering
B.Com Business Ethics,M.Com Business Ethics
B.Sc Evolutionary Biology,M.Sc Evolutionary Genetics
B.Tech Robotics,M.Tech Control Engineering
B.A Economics,M.A Development Economics
B.Sc Immunology,M.Sc Cellular Immunology
B.Tech Chemical,M.Tech Nanotechnology
B.Com International Marketing,M.Com International Marketing
B.Physical Therapy,M.Physical Therapy Neurology
B.Tech Aerospace,M.Tech Computational Fluid Dynamics
B.A History,M.A Public History
B.Sc Astrobiology,M.Sc Astrochemistry
B.Tech Computer Science,M.Tech Big Data Analytics
B.Com Financial Accounting,M.Com Financial Accounting
B.Sc Parasitology,M.Sc Tropical Medicine
BDS,MDS Pedodontics
B.Tech Industrial,M.Tech Industrial Management
B.A Gender Studies,M.A Women's Studies
B.Sc Bioinformatics,M.Sc Computational Biology
B.Tech Electrical,M.Tech High Voltage Engineering
B.Com Corporate Strategy,M.Com Corporate Strategy
B.Sc Wildlife Biology,M.Sc Conservation Ecology
B.Tech Mechanical,M.Tech Tribology
B.A Environmental Studies,M.A Environmental Policy
B.Sc Marine Science,M.Sc Marine Geology
B.Tech Information Technology,M.Tech Blockchain Technology
B.Com Business Economics,M.Com Business Economics
B.Sc Ecology,M.Sc Wildlife Management
B.Physical Therapy,M.Physical Therapy Orthopedic Rehabilitation
B.Tech Aerospace,M.Tech Computational Mechanics
B.A Cultural Studies,M.A Media Studies
B.Sc Paleontology,M.Sc Evolutionary Paleontology
B.Tech Computer Science,M.Tech Internet Security
B.Com Human Resource Management,M.Com Human Resource Management
B.Sc Entomology,M.Sc Insect Physiology
B.Tech Biomedical,M.Tech Rehabilitation Engineering
B.A Linguistics,M.A Linguistic Anthropology
B.Sc Biophysics,M.Sc Biomedical Physics
B.Tech Chemical,M.Tech Chemical Reaction Engineering
B.Com Entrepreneurial Studies,M.Com Entrepreneurial Studies
B.Sc Microbiology,M.Sc Microbial Genetics
B.Tech Industrial,M.Tech Operations Management
B.A International Relations,M.A Diplomacy
B.Sc Cell Biology,M.Sc Molecular Cell Biology
B.Tech Environmental,M.Tech Environmental Planning
B.Com Marketing Management,M.Com Marketing Management
B.Sc Parasitology,M.Sc Helminthology
BDS,MDS Oral Pathology
B.Tech Robotics,M.Tech Mechatronics
B.A Linguistics,M.A Psycholinguistics
B.Sc Biochemistry,M.Sc Enzymology
B.Tech Civil,M.Tech Structural Engineering
B.Com Corporate Finance,M.Com Financial Planning
B.Sc Marine Biology,M.Sc Marine Physiology
B.Tech Electronics,M.Tech Microwave Engineering
B.A Archaeology,M.A Prehistoric Archaeology
B.Sc Genetics,M.Sc Epigenetics
B.Tech Computer Science,M.Tech Information Retrieval
B.Com Sustainable Business,M.Com Sustainable Business
B.Sc Microbiology,M.Sc Medical Virology
B.Tech Industrial,M.Tech Supply Chain Optimization
B.A Political Science,M.A Political Theory
B.Sc Biotechnology,M.Sc Molecular Biotechnology
B.Tech Mechanical,M.Tech Acoustics
B.Com Business Analytics,M.Com Data Analytics
B.Sc Zoology,M.Sc Animal Behavior
B.Tech Chemical,M.Tech Petrochemical Engineering
B.Pharmacy,M.Pharmacy Pharmacognosy
B.Tech Aerospace,M.Tech Flight Dynamics
B.A Psychology,M.A Counseling Psychology
B.Sc Neuroscience,M.Sc Neuropsychology
B.Tech Electronics,M.Tech Semiconductor Devices
B.Com Retail Marketing,M.Com Retail Marketing
B.Sc Environmental Science,M.Sc Environmental Chemistry
B.Tech Information Technology,M.Tech Cyber Forensics
B.Com Financial Risk Management,M.Com Financial Risk Management
B.Sc Geology,M.Sc Economic Geology
B.Tech Industrial,M.Tech Six Sigma
B.A Sociology,M.A Social Work
B.Sc Genetics,M.Sc Behavioral Genetics
B.Tech Computer Science,M.Tech Natural Language Understanding
B.Com Corporate Governance,M.Com Corporate Ethics
B.Sc Microbiology,M.Sc Microbial Ecology
B.Tech Civil,M.Tech Construction Management
B.A Anthropology,M.A Archaeological Anthropology
B.Sc Marine Biology,M.Sc Marine Evolutionary Biology
B.Tech Electronics,M.Tech Photonics
B.Com Business Ethics,M.Com Corporate Responsibility
B.Sc Evolutionary Biology,M.Sc Evolutionary Ecology
B.Tech Robotics,M.Tech Robotic Vision
B.A Economics,M.A Economic Development
B.Sc Immunology,M.Sc Innate Immunology
B.Tech Chemical,M.Tech Materials Engineering
B.Com International Business Management,M.Com International Business Management
B.Physical Therapy,M.Physical Therapy Orthopedic Surgery
B.Tech Aerospace,M.Tech Aircraft Design
B.A History,M.A Cultural Heritage
B.Sc Astrobiology,M.Sc Exobiology
B.Tech Computer Science,M.Tech Internet of Everything
B.Com Financial Analysis,M.Com Financial Reporting
B.Sc Parasitology,M.Sc Entomology
BDS,MDS Oral Radiology
B.Tech Industrial,M.Tech Lean Manufacturing
B.A Gender Studies,M.A Gender Equality
B.Sc Bioinformatics,M.Sc Systems Biology
B.Tech Electrical,M.Tech Smart Grid
B.Com Corporate Strategy,M.Com Corporate Governance
B.Sc Wildlife Biology,M.Sc Conservation Genetics
B.Tech Mechanical,M.Tech Computational Fluid Dynamics
B.A Environmental Studies,M.A Environmental Science
B.Sc Marine Science,M.Sc Marine Pollution Control
B.Tech Information Technology,M.Tech Augmented Reality
B.Com Financial Management,M.Com Financial Markets
B.Sc Geology,M.Sc Hydrogeology
B.Tech Industrial,M.Tech Quality Assurance
B.A Sociology,M.A Social Policy
B.Sc Genetics,M.Sc Evolutionary Genomics
B.Tech Computer Science,M.Tech Robotics Process Automation
B.Com Marketing Research,M.Com Consumer Behavior
B.Sc Microbiology,M.Sc Medical Microbiology
B.Tech Civil,M.Tech Infrastructure Management
B.A International Relations,M.A Diplomatic Studies
B.Sc Cell Biology,M.Sc Cellular Development
B.Tech Environmental,M.Tech Environmental Monitoring
B.Com Strategic Management,M.Com Strategic Leadership
B.Sc Parasitology,M.Sc Protozoology
B.Tech Robotics,M.Tech Humanoid Robotics
B.A Linguistics,M.A Language Acquisition
B.Sc Biophysics,M.Sc Biomaterials
B.Tech Chemical,M.Tech Bioprocess Engineering
B.Com Entrepreneurial Studies,M.Com Startup Management
B.Sc Microbiology,M.Sc Microbial Pathogenesis
B.Tech Industrial,M.Tech Production Engineering
B.A International Relations,M.A Conflict Resolution
B.Sc Marine Biology,M.Sc Marine Conservation Biology
B.Tech Electronics,M.Tech Power Electronics
B.Com Retail Management,M.Com Retail Operations
B.Sc Environmental Science,M.Sc Environmental Impact Assessment
B.Tech Information Technology,M.Tech Mobile Computing
B.Com Financial Accounting,M.Com Auditing
B.Sc Geology,M.Sc Structural Geology
B.Tech Industrial,M.Tech Operations Optimization
B.A Sociology,M.A Social Justice
B.Sc Genetics,M.Sc Evolutionary Developmental Biology
B.Tech Computer Science,M.Tech Cloud Security
B.Com Human Resource Management,M.Com Talent Management
B.Sc Zoology,M.Sc Marine Biology
B.Tech Chemical,M.Tech Chemical Safety Engineering
B.Physical Therapy,M.Physical Therapy Sports Medicine
B.Tech Aerospace,M.Tech Space Exploration
B.A Psychology,M.A Experimental Psychology
B.Sc Neuroscience,M.Sc Cognitive Neuroscience
B.Tech Electronics,M.Tech Digital Signal Processing
B.Com Retail Marketing,M.Com Retail Sales
B.Sc Environmental Science,M.Sc Environmental Policy
B.Tech Information Technology,M.Tech Cyber Physical Systems
B.Com Financial Risk Management,M.Com Financial Modeling
B.Sc Geology,M.Sc Petroleum Exploration
B.Tech Industrial,M.Tech Product
B.Tech Civil,M.Tech Structural Dynamics
B.Sc Marine Science,M.Sc Oceanography
B.Tech Information Technology,M.Tech Internet of Things
B.Com Financial Planning,M.Com Financial Planning
B.Sc Ecology,M.Sc Conservation Biology
B.Physical Therapy,M.Physical Therapy Orthopedics
B.Tech Aerospace,M.Tech Satellite Communication
B.A Cultural Studies,M.A Cultural Studies
B.Sc Paleontology,M.Sc Paleontology
B.Tech Computer Science,M.Tech Natural Language Processing
B.Com Corporate Governance,M.Com Corporate Governance
B.Sc Entomology,M.Sc Pest Management
B.Tech Biomedical,M.Tech Medical Devices
B.A Linguistics,M.A Applied Linguistics
B.Sc Biophysics,M.Sc Biophysics
B.Tech Chemical,M.Tech Polymer Engineering
B.Com Entrepreneurial Finance,M.Com Entrepreneurial Finance
B.Sc Microbiology,M.Sc Virology
B.Tech Industrial,M.Tech Operations Research
B.A International Relations,M.A International Relations
B.Sc Cell Biology,M.Sc Developmental Biology
B.Tech Environmental,M.Tech Environmental Management
B.Com Strategic Management,M.Com Strategic Management
B.Sc Parasitology,M.Sc Parasitology
BDS,MDS Oral Medicine
B.Tech Robotics,M.Tech Human-Robot Interaction
B.A Linguistics,M.A Computational Linguistics
B.Sc Biochemistry,M.Sc Structural Biology
B.Tech Civil,M.Tech Geoenvironmental
B.Com Marketing Communications,M.Com Marketing Communications
B.Sc Marine Biology,M.Sc Marine Genetics
B.Tech Electronics,M.Tech Telecommunications
B.A Archaeology,M.A Historical Archaeology
B.Sc Genetics,M.Sc Molecular Genetics
B.Tech Computer Science,M.Tech Information Security
B.Com Corporate Finance,M.Com Financial Analysis
B.Sc Microbiology,M.Sc Immunology
B.Tech Industrial,M.Tech Quality Engineering
B.A Political Science,M.A International Politics
B.Sc Biotechnology,M.Sc Stem Cell Biology
B.Tech Mechanical,M.Tech Mechatronics
B.Com Business Development,M.Com Business Development
B.Sc Zoology,M.Sc Entomology
B.Tech Chemical,M.Tech Corrosion Engineering
B.Pharmacy,M.Pharmacy Pharmaceutical Analysis
B.Tech Aerospace,M.Tech Rocket Propulsion
B.A Psychology,M.A Clinical Psychology
B.Sc Neuroscience,M.Sc Neurophysiology
B.Tech Electronics,M.Tech Integrated Circuits
B.Com Supply Chain Logistics,M.Com Supply Chain Logistics
B.Sc Marine Science,M.Sc Marine Conservation
B.Tech Environmental,M.Tech Pollution Control
B.A Music,M.A Musicology
B.Sc Environmental Science,M.Sc Environmental Management
B.Tech Information Technology,M.Tech Network Security
B.Com Financial Management,M.Com Financial Management
B.Sc Geology,M.Sc Petroleum Geology
B.Tech Industrial,M.Tech Reliability Engineering
B.A Sociology,M.A Criminology
B.Sc Genetics,M.Sc Population Genetics
B.Tech Computer Science,M.Tech Computer Vision
B.Com Retail Management,M.Com Retail Management
B.Sc Microbiology,M.Sc Medical Microbiology
B.Tech Civil,M.Tech Seismic Engineering
B.A Anthropology,M.A Social Anthropology
B.Sc Marine Biology,M.Sc Marine Pollution
B.Tech Electronics,M.Tech RF Engineering
B.Com Business Ethics,M.Com Business Ethics
B.Sc Evolutionary Biology,M.Sc Evolutionary Genetics
B.Tech Robotics,M.Tech Control Engineering
B.A Economics,M.A Development Economics
B.Sc Immunology,M.Sc Cellular Immunology
B.Tech Chemical,M.Tech Nanotechnology
B.Com International Marketing,M.Com International Marketing
B.Physical Therapy,M.Physical Therapy Neurology
B.Tech Aerospace,M.Tech Computational Fluid Dynamics
B.A History,M.A Public History
B.Sc Astrobiology,M.Sc Astrochemistry
B.Tech Computer Science,M.Tech Big Data Analytics
B.Com Financial Accounting,M.Com Financial Accounting
B.Sc Parasitology,M.Sc Tropical Medicine
BDS,MDS Pedodontics
B.Tech Industrial,M.Tech Industrial Management
B.A Gender Studies,M.A Women's Studies
B.Sc Bioinformatics,M.Sc Computational Biology
B.Tech Electrical,M.Tech High Voltage Engineering
B.Com Corporate Strategy,M.Com Corporate Strategy
B.Sc Wildlife Biology,M.Sc Conservation Ecology
B.Tech Mechanical,M.Tech Tribology
B.A Environmental Studies,M.A Environmental Policy
B.Sc Marine Science,M.Sc Marine Geology
B.Tech Information Technology,M.Tech Blockchain Technology
B.Com Business Economics,M.Com Business Economics
B.Sc Ecology,M.Sc Wildlife Management
B.Physical Therapy,M.Physical Therapy Orthopedic Rehabilitation
B.Tech Aerospace,M.Tech Computational Mechanics
B.A Cultural Studies,M.A Media Studies
B.Sc Paleontology,M.Sc Evolutionary Paleontology
B.Tech Computer Science,M.Tech Internet Security
B.Com Human Resource Management,M.Com Human Resource Management
B.Sc Entomology,M.Sc Insect Physiology
B.Tech Biomedical,M.Tech Rehabilitation Engineering
B.A Linguistics,M.A Linguistic Anthropology
B.Sc Biophysics,M.Sc Biomedical Physics
B.Tech Chemical,M.Tech Chemical Reaction Engineering
B.Com Entrepreneurial Studies,M.Com Entrepreneurial Studies
B.Sc Microbiology,M.Sc Microbial Genetics
B.Tech Industrial,M.Tech Operations Management
B.A International Relations,M.A Diplomacy
B.Sc Cell Biology,M.Sc Molecular Cell Biology
B.Tech Environmental,M.Tech Environmental Planning
B.Com Marketing Management,M.Com Marketing Management
B.Sc Parasitology,M.Sc Helminthology
BDS,MDS Oral Pathology
B.Tech Robotics,M.Tech Mechatronics
B.A Linguistics,M.A Psycholinguistics
B.Sc Biochemistry,M.Sc Enzymology
B.Tech Civil,M.Tech Structural Engineering
B.Com Corporate Finance,M.Com Financial Planning
B.Sc Marine Biology,M.Sc Marine Physiology
B.Tech Electronics,M.Tech Microwave Engineering
B.A Archaeology,M.A Prehistoric Archaeology
B.Sc Genetics,M.Sc Epigenetics
B.Tech Computer Science,M.Tech Information Retrieval
B.Com Sustainable Business,M.Com Sustainable Business
B.Sc Microbiology,M.Sc Medical Virology
B.Tech Industrial,M.Tech Supply Chain Optimization
B.A Political Science,M.A Political Theory
B.Sc Biotechnology,M.Sc Molecular Biotechnology
B.Tech Mechanical,M.Tech Acoustics
B.Com Business Analytics,M.Com Data Analytics
B.Sc Zoology,M.Sc Animal Behavior
B.Tech Chemical,M.Tech Petrochemical Engineering
B.Pharmacy,M.Pharmacy Pharmacognosy
B.Tech Aerospace,M.Tech Flight Dynamics
B.A Psychology,M.A Counseling Psychology
B.Sc Neuroscience,M.Sc Neuropsychology
B.Tech Electronics,M.Tech Semiconductor Devices
B.Com Retail Marketing,M.Com Retail Marketing
B.Sc Environmental Science,M.Sc Environmental Chemistry
B.Tech Information Technology,M.Tech Cyber Forensics
B.Com Financial Risk Management,M.Com Financial Risk Management
B.Sc Geology,M.Sc Economic Geology
B.Tech Industrial,M.Tech Six Sigma
B.A Sociology,M.A Social Work
B.Sc Genetics,M.Sc Behavioral Genetics
B.Tech Computer Science,M.Tech Natural Language Understanding
B.Com Corporate Governance,M.Com Corporate Ethics
B.Sc Microbiology,M.Sc Microbial Ecology
B.Tech Civil,M.Tech Construction Management
B.A Anthropology,M.A Archaeological Anthropology
B.Sc Marine Biology,M.Sc Marine Evolutionary Biology
B.Tech Electronics,M.Tech Photonics
B.Com Business Ethics,M.Com Corporate Responsibility
B.Sc Evolutionary Biology,M.Sc Evolutionary Ecology
B.Tech Robotics,M.Tech Robotic Vision
B.A Economics,M.A Economic Development
B.Sc Immunology,M.Sc Innate Immunology
B.Tech Chemical,M.Tech Materials Engineering
B.Com International Business Management,M.Com International Business Management
B.Physical Therapy,M.Physical Therapy Orthopedic Surgery
B.Tech Aerospace,M.Tech Aircraft Design
B.A History,M.A Cultural Heritage
B.Sc Astrobiology,M.Sc Exobiology
B.Tech Computer Science,M.Tech Internet of Everything
B.Com Financial Analysis,M.Com Financial Reporting
B.Sc Parasitology,M.Sc Entomology
BDS,MDS Oral Radiology
B.Tech Industrial,M.Tech Lean Manufacturing
B.A Gender Studies,M.A Gender Equality
B.Sc Bioinformatics,M.Sc Systems Biology
B.Tech Electrical,M.Tech Smart Grid
B.Com Corporate Strategy,M.Com Corporate Governance
B.Sc Wildlife Biology,M.Sc Conservation Genetics
B.Tech Mechanical,M.Tech Computational Fluid Dynamics
B.A Environmental Studies,M.A Environmental Science
B.Sc Marine Science,M.Sc Marine Pollution Control
B.Tech Information Technology,M.Tech Augmented Reality
B.Com Financial Management,M.Com Financial Markets
B.Sc Geology,M.Sc Hydrogeology
B.Tech Industrial,M.Tech Quality Assurance
B.A Sociology,M.A Social Policy
B.Sc Genetics,M.Sc Evolutionary Genomics
B.Tech Computer Science,M.Tech Robotics Process Automation
B.Com Marketing Research,M.Com Consumer Behavior
B.Sc Microbiology,M.Sc Medical Microbiology
B.Tech Civil,M.Tech Infrastructure Management
B.A International Relations,M.A Diplomatic Studies
B.Sc Cell Biology,M.Sc Cellular Development
B.Tech Environmental,M.Tech Environmental Monitoring
B.Com Strategic Management,M.Com Strategic Leadership
B.Sc Parasitology,M.Sc Protozoology
B.Tech Robotics,M.Tech Humanoid Robotics
B.A Linguistics,M.A Language Acquisition
B.Sc Biophysics,M.Sc Biomaterials
B.Tech Chemical,M.Tech Bioprocess Engineering
B.Com Entrepreneurial Studies,M.Com Startup Management
B.Sc Microbiology,M.Sc Microbial Pathogenesis
B.Tech Industrial,M.Tech Production Engineering
B.A International Relations,M.A Conflict Resolution
B.Sc Marine Biology,M.Sc Marine Conservation Biology
B.Tech Electronics,M.Tech Power Electronics
B.Com Retail Management,M.Com Retail Operations
B.Sc Environmental Science,M.Sc Environmental Impact Assessment
B.Tech Information Technology,M.Tech Mobile Computing
B.Com Financial Accounting,M.Com Auditing
B.Sc Geology,M.Sc Structural Geology
B.Tech Industrial,M.Tech Operations Optimization
B.A Sociology,M.A Social Justice
B.Sc Genetics,M.Sc Evolutionary Developmental Biology
B.Tech Computer Science,M.Tech Cloud Security
B.Com Human Resource Management,M.Com Talent Management
B.Sc Zoology,M.Sc Marine Biology
B.Tech Chemical,M.Tech Chemical Safety Engineering
B.Physical Therapy,M.Physical Therapy Sports Medicine
B.Tech Aerospace,M.Tech Space Exploration
B.A Psychology,M.A Experimental Psychology
B.Sc Neuroscience,M.Sc Cognitive Neuroscience
B.Tech Electronics,M.Tech Digital Signal Processing
B.Com Retail Marketing,M.Com Retail Sales
B.Sc Environmental Science,M.Sc Environmental Policy
B.Tech Information Technology,M.Tech Cyber Physical Systems
B.Com Financial Risk Management,M.Com Financial Modeling
B.Sc Geology,M.Sc Petroleum Exploration
B.Tech Industrial,M.Tech Product Development
B.A Sociology,M.A Social Services
B.Sc Genetics,M.Sc Molecular Evolution
B.Tech Computer Science,M.Tech Quantum Computing
B.Com Corporate Governance,M.Com Corporate Social Responsibility
B.Sc Microbiology,M.Sc Medical Parasitology
B.Tech Civil,M.Tech Construction Technology
B.A Anthropology,M.A Cultural Anthropology
B.Sc Marine Biology,M.Sc Marine Biodiversity
B.Tech Electronics,M.Tech Optoelectronics
B.Com Business Ethics,M.Com Corporate Governance
B.Sc Evolutionary Biology,M.Sc Population Ecology
B.Tech Robotics,M.Tech Autonomous Systems
B.A Economics,M.A Econometrics
B.Sc Immunology,M.Sc Tumor Immunology
B.Tech Chemical,M.Tech Environmental Chemical Engineering
B.Com International Business Management,M.Com Global Marketing
B.Physical Therapy,M.Physical Therapy Orthopedic Rehabilitation
B.Tech Aerospace,M.Tech Flight Simulation
B.A History,M.A Historical Research
B.Sc Astrobiology,M.Sc Astrogeology
B.Tech Computer Science,M.Tech Human-Computer Interaction
B.Com Financial Analysis,M.Com Financial Planning
B.Sc Parasitology,M.Sc Medical Parasitology
BDS,MDS Oral Surgery
B.Tech Industrial,M.Tech Industrial Safety
B.A Gender Studies,M.A Gender Equality
B.Sc Bioinformatics,M.Sc Computational Genomics
B.Tech Electrical,M.Tech Power Electronics
B.Com Corporate Strategy,M.Com Business Strategy
B.Sc Wildlife Biology,M.Sc Wildlife Ecology
B.Tech Mechanical,M.Tech Computational Mechanics
B.A Environmental Studies,M.A Environmental Policy
B.Sc Marine Science,M.Sc Marine Biology
B.Tech Information Technology,M.Tech Mobile Computing
B.Com Financial Management,M.Com Financial Analysis
B.Sc Geology,M.Sc Geophysics
B.Tech Industrial,M.Tech Lean Manufacturing
B.A Sociology,M.A Social Work
B.Sc Genetics,M.Sc Behavioral Genetics
B.Tech Computer Science,M.Tech Natural Language Understanding
B.Com Corporate Governance,M.Com Corporate Ethics
B.Sc Microbiology,M.Sc Microbial Ecology
B.Tech Civil,M.Tech Construction Management
B.A Anthropology,M.A Archaeological Anthropology
B.Sc Marine Biology,M.Sc Marine Evolutionary Biology
B.Tech Electronics,M.Tech Photonics
B.Com Business Ethics,M.Com Corporate Responsibility
B.Sc Evolutionary Biology,M.Sc Evolutionary Ecology
B.Tech Robotics,M.Tech Robotic Vision
B.A Economics,M.A Economic Development
B.Sc Immunology,M.Sc Innate Immunology
BBA Marketing,MBA Marketing
BBA,MBA
BBA Marketing,MBA Marketing
BBA Finance,MBA Finance
BBA Human Resource Management,MBA Human Resource Management
BBA Entrepreneurship,MBA Entrepreneurship
BBA Operations Management,MBA Operations Management
BBA International Business,MBA International Business
BBA Supply Chain Management,MBA Supply Chain Management
BBA Information Systems,MBA Information Systems
BBA Healthcare Management,MBA Healthcare Management
BBA Retail Management,MBA Retail Management
BBA Hospitality Management,MBA Hospitality Management
BBA Tourism Management,MBA Tourism Management
BBA E-Commerce,MBA E-Commerce
BBA Strategic Management,MBA Strategic Management
BBA Corporate Finance,MBA Corporate Finance
BBA Public Administration,MBA Public Administration
BBA Business Analytics,MBA Business Analytics
BBA Leadership,MBA Leadership
BBA Project Management,MBA Project Management
BBA Organizational Behavior,MBA Organizational Behavior
BBA Sales Management,MBA Sales Management
BBA Risk Management,MBA Risk Management
BBA Corporate Governance,MBA Corporate Governance
BBA Supply Chain Logistics,MBA Supply Chain Logistics
BBA Financial Planning,MBA Financial Planning
BBA Marketing Research,MBA Marketing Research
BBA Corporate Social Responsibility,MBA Corporate Social Responsibility
BBA Operations Research,MBA Operations Research
BBA Digital Marketing,MBA Digital Marketing
BBA Management Consulting,MBA Management Consulting
BBA Business Intelligence,MBA Business Intelligence
BBA Corporate Strategy,MBA Corporate Strategy
BBA Change Management,MBA Change Management
BBA Financial Analysis,MBA Financial Analysis
BBA Retail Marketing,MBA Retail Marketing
BBA Sustainable Business,MBA Sustainable Business
BBA Business Ethics,MBA Business Ethics
BBA Innovation Management,MBA Innovation Management
BBA Marketing,MBA Marketing
BBA Finance,MBA Finance
BBA Human Resource Management,MBA Human Resource Management
BBA Entrepreneurship,MBA Entrepreneurship
BBA Operations Management,MBA Operations Management
BBA International Business,MBA International Business
BBA Supply Chain Management,MBA Supply Chain Management
BBA Information Systems,MBA Information Systems
BBA Healthcare Management,MBA Healthcare Management
BBA Retail Management,MBA Retail Management
BBA Hospitality Management,MBA Hospitality Management
BBA Tourism Management,MBA Tourism Management
BBA E-Commerce,MBA E-Commerce
BBA Strategic Management,MBA Strategic Management
BBA Corporate Finance,MBA Corporate Finance
BBA Public Administration,MBA Public Administration
BBA Business Analytics,MBA Business Analytics
BBA Leadership,MBA Leadership
BBA Project Management,MBA Project Management
BBA Organizational Behavior,MBA Organizational Behavior
BBA Sales Management,MBA Sales Management
BBA Risk Management,MBA Risk Management
BBA Corporate Governance,MBA Corporate Governance
BBA Supply Chain Logistics,MBA Supply Chain Logistics
BBA Financial Planning,MBA Financial Planning
BBA Marketing Research,MBA Marketing Research
BBA Corporate Social Responsibility,MBA Corporate Social Responsibility
BBA Operations Research,MBA Operations Research
BBA Digital Marketing,MBA Digital Marketing
BBA Management Consulting,MBA Management Consulting
BBA Business Intelligence,MBA Business Intelligence
BBA Corporate Strategy,MBA Corporate Strategy
BBA Change Management,MBA Change Management
BBA Financial Analysis,MBA Financial Analysis
BBA Retail Marketing,MBA Retail Marketing
BBA Sustainable Business,MBA Sustainable Business
BBA Business Ethics,MBA Business Ethics
BBA Innovation Management,MBA Innovation Management
BBA Marketing,MBA Marketing
BBA Finance,MBA Finance
BBA Human Resource Management,MBA Human Resource Management
BBA Entrepreneurship,MBA Entrepreneurship
BBA Operations Management,MBA Operations Management
BBA International Business,MBA International Business
BBA Supply Chain Management,MBA Supply Chain Management
BBA Information Systems,MBA Information Systems
BBA Healthcare Management,MBA Healthcare Management
BBA Retail Management,MBA Retail Management
BBA Hospitality Management,MBA Hospitality Management
BBA Tourism Management,MBA Tourism Management
BBA E-Commerce,MBA E-Commerce
BBA Strategic Management,MBA Strategic Management
BBA Corporate Finance,MBA Corporate Finance
BBA Public Administration,MBA Public Administration
BBA Business Analytics,MBA Business Analytics
BBA Leadership,MBA Leadership
BBA Project Management,MBA Project Management
BBA Organizational Behavior,MBA Organizational Behavior
BBA Sales Management,MBA Sales Management
BBA Risk Management,MBA Risk Management
BBA Corporate Governance,MBA Corporate Governance
BBA Supply Chain Logistics,MBA Supply Chain Logistics
BBA Financial Planning,MBA Financial Planning
BBA Marketing Research,MBA Marketing Research
BBA Corporate Social Responsibility,MBA Corporate Social Responsibility
BBA Operations Research,MBA Operations Research
BBA Digital Marketing,MBA Digital Marketing
BBA Management Consulting,MBA Management Consulting
BBA Business Intelligence,MBA Business Intelligence
BBA Corporate Strategy,MBA Corporate Strategy
BBA Change Management,MBA Change Management
BBA Financial Analysis,MBA Financial Analysis
BBA Retail Marketing,MBA Retail Marketing
BBA Sustainable Business,MBA Sustainable Business
BBA Business Ethics,MBA Business Ethics
BBA Innovation Management,MBA Innovation Management